Rank,Handle,Rating
1,CMRIT25_21R01A6775,1228
2,CMRIT25_21R01A6683,1199
3,Cmrit25_22r05a7204,1147
4,21r01a05f4,1146
5,21r01a05g3,1129
6,CMRIT25_21R01A66A1,1084
7,CMRIT25_21R01A6666,1040
8,21r01a6693,990
9,CMRIT25_21R01A05A8,979
10,CMRIT25_21R01A7342,978
11,CMRIT25_21R01A66E5,976
12,CMRIT25_21R01A0580,972
13,cmrit_21r01a67f8,971
14,CMRIT25_21R01A6719,968
15,CMRIT25_21R01A67F2,965
16,CMRIT25_21R01A05H0,964
17,21r01a7353,957
18,21r01a0523,942
19,CMRIT25_21R01A04P8,933
20,CMRIT25_21R01A05A3,921
21,CMRIT25_21R01A05K8,920
22,CMRIT25_21R01A66E9,916
23,CMRIT25_21R01A67B1,915
24,21R01A05D9,907
25,CMRIT25_21R01A7219,907
26,21r01a7205,906
27,22r05a7307,906
28,CMRIT25_21R01A05C1,906
29,21R01A05J2,905
30,CMRIT25_21r01a05m4,905
31,CMRIT25_21R01A6652,904
32,CMRIT25_21R01A6714,897
33,CMRIT25_21R01A66A8,887
34,CMRIT25_21R01A05C2,885
35,CMRIT25_21R01A66C7,881
36,CMRIT25_21R01A7345,878
37,CMRIT25_21R01A66E2,877
38,CMRIT25-21r01a67j6,874
39,CMRIT25_21R01A7347,874
40,Cmrit25_21r01a0417,871
41,CMRIT25_21R01A67A8,870
42,CMRIT25_22R05A0520,869
43,CMRIT25_22R05A6613,867
44,CMRIT25_21R01A05F0,861
45,21r01a0563,860
46,CMRIT25_22R05A0423,860
47,CMRIT25_21R01A0456,859
48,CMRIT25_21R01A7247,856
49,CMRIT25_21R01A05K7,855
50,CMRIT25_21R01A66B0,854
51,CMRIT25_21R01A6635,849
52,CMRIT25_21R01A7262,846
53,CMRIT25_21R01A0583,838
54,CMRIT25_21R01A66C5,837
55,CMRIT25_21R01A0536,836
56,CMRIT25_21R01A05A5,836
57,21R01A05M9,834
58,21R01A05P0,834
59,CMRIT25_21R01A05C5,834
60,CMRIT25_21R01A6622,833
61,CMRIT25_21R01A66G1,833
62,21r01a6602,829
63,CMRIT25_21R01A05A6,827
64,21r01a67d6,825
65,CMRIT25_21R01A05J1,825
66,CMRIT25_21R01A6772,823
67,CMRIT25_21R01A6766,822
68,CMRIT25_21R01A67C0,822
69,21r01a6674,820
70,CMRIT25_21r01a0540,817
71,CMRIT25_21R01A04N6,816
72,CMRIT25_21R01A66D5,816
73,CMRIT25_21r01a05j6,815
74,CMRIT25_21R01A05J3,814
75,CMRIT25_21R01A0421,813
76,CMRIT25_21R01A0570,812
77,CMRIT25_21R01A05E8,811
78,CMRIT25_21R01A6605,811
79,CMRIT25_21r01a66b1,811
80,CMRIT25_21R01A6613,807
81,CMRIT25_21R01A04N2,805
82,CMRIT25_21r01a66c4,804
83,22R05A0503,803
84,21r01a0518,802
85,CMRIT25_22r05a0515,802
86,CMRIT25_21R01A66F4,800
87,CMRIT25_21r01a05h7,800
88,CMRIT25_21R01A05D3,798
89,CMRIT25_21R01A05H8,798
90,CMRIT25_21R01A67G3,798
91,CMRIT25_21R01A66A2,797
92,CMRIT25_21R01A0528,795
93,cmrit25_21r01a0416,795
94,CMRIT25_21R01A67G9,794
95,CMRIT25_21R01A05F1,792
96,CMRIT25_21R01A0541,790
97,Cmrit25_21r01a04c7,790
98,CMRIT_21r01a66d9,789
99,CMRIT25_21R01A6794,784
100,21r01a05n4,783
101,CMRIT25_21R01A66H6,783
102,21r01a0597,781
103,CMRIT25_21R01A66H0,781
104,CMRIT25_21R01A6685,779
105,CMRIT25_21R01A67B6,779
106,CMRIT25_22R05A0401,778
107,21r01a04e0,777
108,CMRIT25_21R01A04M9,777
109,CMRIT25_22R05A6615,775
110,CMRIT25_21r01a6623,774
111,21r01a6701,772
112,CMRIT25_21r01a66j2,772
113,CMRIT25_21R01A6760,770
114,CMRIT25_21R01A6782,770
115,21R01A05K0,769
116,21r01a0520,769
117,CMRIT25_21R01A6615,768
118,CMRIT25_21R01A0575,767
119,CMRIT25_21R01A66F9,765
120,CMRIT_21R01A7240,764
121,Cmrit25_21r01a04d9,763
122,21R01A67D8,761
123,21r01a0552,759
124,CMRIT25_21R01A05N7,758
125,CMRIT25_21R01A6698,758
126,Cmrit25_21R01A04A1,758
127,CMRIT25_21R01A0595,756
128,CMRIT25_21R01A05D7,756
129,CMRIT25_21R01A6725,756
130,CMRIT25_21R01A6752,754
131,CMRIT25_21R01A7223,753
132,CMRIT25_21R01A6650,752
133,CMRIT25_21r01a6657,751
134,CMRIT25_21R01A04Q3,749
135,CMRIT25_21R01A6727,749
136,CMRIT25_21R01A04G4,747
137,CMRIT25_21R01A0550,747
138,22R05A7305,745
139,22r05a6706,745
140,CMRIT25_21R01A04K4,745
141,CMRIT25_21R01A6644,744
142,CMRIT25_21R01A6673,743
143,CMRIT25_21r01a05n6,742
144,CMRIT25_21R01A05H3,739
145,CMRIT25_21R01A67E2,739
146,22R05A7306,738
147,CMRIT25__21R01A0561,738
148,CMRIT_21R01A04H0,736
149,21r01a0579,733
150,CMRIT25_21R01A04K9,733
151,CMRIT25_21R01A66A5,732
152,CMRIT25_22R05A0521,732
153,CMRIT25_21R01A67A7,730
154,CMRIT25_21r01a6676,730
155,21r01a0448,729
156,CMRIT25_21R01A6633,729
157,CMRIT2025_21R01A0514,725
158,CMRIT25_21R01A6790,725
159,CMRIT25_21R01A05E2,721
160,21r01a66f5,719
161,CMRIT25_21R01A05J4,719
162,CMRIT25_21R01A05L2,719
163,22r05A0421,718
164,CMRIT25_21R01A7255,716
165,CMRIT25_21R01A6614,715
166,CMRIT25_21R01A7214,715
167,CMRIT25_21R01A66A6,714
168,Cmrit25_22r05a0522,714
169,21r01a05a0,713
170,CMRIT25-22r05a7202,713
171,CMRIT25_21R01A0534,712
172,CMRIT25_21R01A04J7,711
173,Cmrit25_22R05A0427,707
174,CMRIT25_21R01A6632,706
175,CMRIT25_21R01A67A4,706
176,CMRIT25_21R01A05J5,705
177,21r01a67b5,704
178,CMRIT25_22R05A0410,699
179,CMRIT25_21R01A7343,697
180,CMRIT25_21R01A66E0,696
181,CMRIT25_21R01A0559,694
182,21r01a04j0,692
183,21r01a67f6,692
184,CMRIT25_21R01A7251,690
185,CMRIT25_21R01A7232,683
186,21r01a7209,682
187,CMRIT25_21r01a6669,682
188,CMRIT25_21R01A6648,680
189,21r01a6636,677
190,CMRIT25_21R01A0591,675
191,CMRIT25_21r01a05b6,675
192,CMRIT25_21r01a6670,674
193,CMRIT25_21R01A66B8,673
194,22r05a7302,670
195,21R01A05F2,669
196,CMRIT25_21R01A0429,666
197,cmrit25_22R05A0501,666
198,CMRIT25_21R01A67B7,661
199,CMRIT25_22r05a0425,657
200,CMRIT25_21R01A6761,656
201,cmrit25_21r01a0586,655
202,CMRIT25_21R01A67D5,654
203,CMRIT__2521r01a6619,651
204,21r01a7316,650
205,21r01a05m7,646
206,CMRIT25_21R01A05E5,645
207,CMRIT25_21R01A0498,641
208,CMRIT25_21R01A6649,639
209,CMRIT25_21R01A66B5,639
210,CMRIT25_21R01A67F4,639
211,21r01a7357,636
212,yash_37,632
213,21r01a6755,629
214,CMRIT25_21R01A0438,627
215,CMRIT25_21R01A6680,627
216,CMRIT25_21R01A67A6,626
217,21R01A67F3,624
218,21r01a6609,624
219,21r01a6641,624
220,Cmrit25_22r05a0405,620
221,CMRIT25_21R01A7207,618
222,CMRIT25_21r01a6738,617
223,21R01A05H4,610
224,CMRIT25_21R01A04N5,610
225,CMRIT25_21R01A0432,609
226,CMRIT25_21R01A7350,607
227,CMRIT25_21R01A7321,606
228,21r01a67h7_aashreetha,603
229,CMRIT25_21R01A6610,602
230,21r01a04k0,600
231,CMRIT25_22r05a6716,596
232,21r01a67k0,593
233,cmrit25_22r05a0524,593
234,CMRIT25_21R01A67F9,591
235,CMRIT25_21R01A67C2,590
236,21r01a66b4,585
237,21r01a67e8,585
238,Cmrit25_21R01A04D7,584
239,CMRIT_21R01A6639,581
240,CMRIT25_21R01A7224,580
241,21r01a04q7,578
242,CMRIT25_21R01A0461,577
243,21R01A04E7,574
244,CMRIT25_22R05A6603,570
245,21R01A05D5_cmrit,569
246,CMRIT25_21R01A04E7,566
247,CMRIT25_21R01A67J8,566
248,21R01A04N1,563
249,21r01a6787,560
250,CMRIT25_21R01A6606,560
251,CMRIT2025_21R01A0582,554
252,Cmrit25_21r01a04r8,549
253,CMRIT25_22R05A6604,548
254,CMRIT25_21R01A66H5,547
255,CMRIT25_21R01A6689,543
256,CMRIT25_21R01A67J7,529
257,21r01a6711,509
258,21r01a6785,449
259,cmrit_21r01a05c0,375
260,22r05a6713,364
261,Cmrit25_21r01a04m0,364
262,CMRIT25_21R01A05J0,363
263,21R01A0449,361
264,21r01a6707,360
265,CMRIT25_21R01A05C9,359
266,21r01a0567,358
267,21r01a66g0,358
268,21R01A04J9_C,356
269,CMRIT25_21r01a05g1,356
270,CMRIT25_21R01A0419,355
271,CMRIT25_21r01a6751,354
272,21r01a67k4_vishnu,351
273,CMRIT25_21R01A66F8,351
274,21r01a0446_akhilperala,350
275,CMR25_22r05a0407,350
276,Cmrit25_21r01a04l4,349
277,21r01a7354,348
278,CMRIT_21R01A04R5,348
279,21R01A04N9,347
280,21r01a05d4,347
281,CMRIT25_21R01A05G2,344
282,CMRIT25_21R01A67A3,321
